Empresa.....: 01 N A INDUSTRIA E COMERCIO DE CONFECCOES LTDA;;;Data/Hora.: 10/04/2024 09:43:33;
Itens da Tabela de Preço;;;Usuário.: MARCELO;
;;;;
Tabela.: ;;;;
Periodo.: 01/02/2021 até 31/12/2024;;;;
;;;;
Código Comercial;Código;Produto;Preço CIF;Preço FOB
17042;17042;KIT LINHA PARA COSTURA 120, 1.500JDS, 10 CONES;30;30
17049;17049;KIT LINHA PARA COSTURA 120, 1.500JDS, 20 CONES;60;60
3420;17030;KIT LINHA PARA COSTURA 120, 1.500JDS, 5 CONES;15;15
20321;20321;LINHA ALFA P/CANELINHA 150 15000M BRANCA;15,8;15,8
20322;20322;LINHA ALFA P/CANELINHA 150 15000M PRETA ;15,8;15,8
19774;19774;LINHA ALFA 120 10000M    9900 PRETA ;13,6;13,6
19775;19775;LINHA ALFA 120 10000M 0100 BRANCA;13,6;13,6
20382;20382;LINHA ALFA 120 10000M 0502 AM. BB;13,6;13,6
20383;20383;LINHA ALFA 120 10000M 0504 AM. BB;13,6;13,6
20926;20926;LINHA ALFA 120 10000M 1504;13,6;13,6
5071;5071;LINHA ALFA 120 10000M 2001;13,6;13,6
20384;20384;LINHA ALFA 120 10000M 2003 BEGE;13,6;13,6
20385;20385;LINHA ALFA 120 10000M 2505 MUSGO;13,6;13,6
20923;20923;LINHA ALFA 120 10000M 2508;13,6;13,6
20920;20920;LINHA ALFA 120 10000M 3000;13,6;13,6
20922;20922;LINHA ALFA 120 10000M 3002;13,6;13,6
20924;20924;LINHA ALFA 120 10000M 3500;13,6;13,6
20919;20919;LINHA ALFA 120 10000M 4000;13,6;13,6
20386;20386;LINHA ALFA 120 10000M 4500 NOITE;13,6;13,6
20387;20387;LINHA ALFA 120 10000M 4501 MARINHO;13,6;13,6
20388;20388;LINHA ALFA 120 10000M 4503 ROYAL;13,6;13,6
5072;5072;LINHA ALFA 120 10000M 4504;13,6;13,6
20925;20925;LINHA ALFA 120 10000M 5002;13,6;13,6
20921;20921;LINHA ALFA 120 10000M 5003;13,6;13,6
20918;20918;LINHA ALFA 120 10000M 5500;13,6;13,6
2353;2353;LINHA ALFA 120 1500J    9900 PRETO;2,5;2,5
2223;2223;LINHA ALFA 120 1500J 0100 BRANCA;2,5;2,5
2111;2111;LINHA ALFA 120 1500J 0101 NATURAL;2,5;2,5
2112;2112;LINHA ALFA 120 1500J 0102 BRANCO FOSCO;2,5;2,5
2354;2354;LINHA ALFA 120 1500J 0500 AMARELO;2,5;2,5
2364;2364;LINHA ALFA 120 1500J 0501 CANARIO;2,5;2,5
2383;2383;LINHA ALFA 120 1500J 0502 AM. BB;2,5;2,5
2113;2113;LINHA ALFA 120 1500J 0503 OURO;2,5;2,5
2365;2365;LINHA ALFA 120 1500J 0504 AM. BB;2,5;2,5
2374;2374;LINHA ALFA 120 1500J 0505 AM CLARO;2,5;2,5
20556;20556;LINHA ALFA 120 1500J 0506 AM FLUOR;2,5;2,5
20514;20514;LINHA ALFA 120 1500J 0508 MOSTARDA;2,5;2,5
20689;20689;LINHA ALFA 120 1500J 0509 MOSTARDA;2,5;2,5
20695;20695;LINHA ALFA 120 1500J 0510 GEMA;2,5;2,5
2122;2122;LINHA ALFA 120 1500J 1000 LARANJA;2,5;2,5
2114;2114;LINHA ALFA 120 1500J 1001 ABOBORA;2,5;2,5
2381;2381;LINHA ALFA 120 1500J 1002 LARANJA;2,5;2,5
2115;2115;LINHA ALFA 120 1500J 1003;2,5;2,5
13205;13205;LINHA ALFA 120 1500J 1004;2,5;2,5
15331;15331;LINHA ALFA 120 1500J 1006;2,5;2,5
2116;2116;LINHA ALFA 120 1500J 1500 OCRE;2,5;2,5
2376;2376;LINHA ALFA 120 1500J 1501 CAQUI CLARO;2,5;2,5
2355;2355;LINHA ALFA 120 1500J 1502 CAQUI ESCURO;2,5;2,5
2117;2117;LINHA ALFA 120 1500J 1503 OCRE;2,5;2,5
2118;2118;LINHA ALFA 120 1500J 1504 CAQUI;2,5;2,5
2119;2119;LINHA ALFA 120 1500J 1505 CAQUI;2,5;2,5
2211;2211;LINHA ALFA 120 1500J 1506;2,5;2,5
2650;2650;LINHA ALFA 120 1500J 1507;2,5;2,5
2123;2123;LINHA ALFA 120 1500J 2000 BEGE;2,5;2,5
7402;7402;LINHA ALFA 120 1500J 2001 PALHA;2,5;2,5
2378;2378;LINHA ALFA 120 1500J 2003 BEGE;2,5;2,5
2362;2362;LINHA ALFA 120 1500J 2004 PALHA;2,5;2,5
2120;2120;LINHA ALFA 120 1500J 2005 PALHA;2,5;2,5
2897;2897;LINHA ALFA 120 1500J 2008;2,5;2,5
2371;2371;LINHA ALFA 120 1500J 2500 VERDA AGUA;2,5;2,5
2382;2382;LINHA ALFA 120 1500J 2501 VERDE;2,5;2,5
2377;2377;LINHA ALFA 120 1500J 2502 VERDE CLARO;2,5;2,5
20507;20507;LINHA ALFA 120 1500J 2503 VERDE AGUA;2,5;2,5
3472;3472;LINHA ALFA 120 1500J 2504 VERDE MUSGO;2,5;2,5
2357;2357;LINHA ALFA 120 1500J 2505 VERDE MUSGO;2,5;2,5
2127;2127;LINHA ALFA 120 1500J 2506 VERDE AGUA;2,5;2,5
20508;20508;LINHA ALFA 120 1500J 2507 VERDE;2,5;2,5
4179;4179;LINHA ALFA 120 1500J 2508 VERDE;2,5;2,5
2121;2121;LINHA ALFA 120 1500J 2509 VERDE;2,5;2,5
20509;20509;LINHA ALFA 120 1500J 2510 MUSGO;2,5;2,5
20558;20558;LINHA ALFA 120 1500J 2511 VERDE FLUOR;2,5;2,5
20559;20559;LINHA ALFA 120 1500J 2512 VERDE;2,5;2,5
2130;2130;LINHA ALFA 120 1500J 2513 VERDE AGUA;2,5;2,5
2128;2128;LINHA ALFA 120 1500J 2514 VERDE CLARO;2,5;2,5
2215;2215;LINHA ALFA 120 1500J 2515;2,5;2,5
20691;20691;LINHA ALFA 120 1500J 2516 VERDE;2,5;2,5
20693;20693;LINHA ALFA 120 1500J 2517 VERDE ESCURO;2,5;2,5
20694;20694;LINHA ALFA 120 1500J 2518;2,5;2,5
9175;9175;LINHA ALFA 120 1500J 2519;2,5;2,5
13209;13209;LINHA ALFA 120 1500J 2521;2,5;2,5
10964;10964;LINHA ALFA 120 1500J 2522;2,5;2,5
9176;9176;LINHA ALFA 120 1500J 2523;2,5;2,5
17125;17125;LINHA ALFA 120 1500J 2524;2,5;2,5
5077;5077;LINHA ALFA 120 1500J 2525;2,5;2,5
2125;2125;LINHA ALFA 120 1500J 3000 ROSA CLARO;2,5;2,5
2375;2375;LINHA ALFA 120 1500J 3001 ;2,5;2,5
2515;2515;LINHA ALFA 120 1500J 3002 PINK;2,5;2,5
2363;2363;LINHA ALFA 120 1500J 3003 CORAL;2,5;2,5
2126;2126;LINHA ALFA 120 1500J 3004 ROSA;2,5;2,5
20510;20510;LINHA ALFA 120 1500J 3005 SALMAO;2,5;2,5
20557;20557;LINHA ALFA 120 1500J 3006 ROSA FLUOR;2,5;2,5
2133;2133;LINHA ALFA 120 1500J 3007 ROSA FOSCO;2,5;2,5
18143;18143;LINHA ALFA 120 1500J 3008 ;2,5;2,5
10963;10963;LINHA ALFA 120 1500J 3009;2,5;2,5
13208;13208;LINHA ALFA 120 1500J 3010;2,5;2,5
17142;17142;LINHA ALFA 120 1500J 3011 ;2,5;2,5
18210;18210;LINHA ALFA 120 1500J 3012;2,5;2,5
2366;2366;LINHA ALFA 120 1500J 3500 VERMELHO;2,5;2,5
2380;2380;LINHA ALFA 120 1500J 3501 VERMELHO VIVO;2,5;2,5
2367;2367;LINHA ALFA 120 1500J 3502 VERMELHO;2,5;2,5
20511;20511;LINHA ALFA 120 1500J 4000 BORDO;2,5;2,5
2543;2543;LINHA ALFA 120 1500J 4001 ROXO;2,5;2,5
2369;2369;LINHA ALFA 120 1500J 4002 LILAS;2,5;2,5
20512;20512;LINHA ALFA 120 1500J 4003 ROXO;2,5;2,5
18215;18215;LINHA ALFA 120 1500J 4004;2,5;2,5
2134;2134;LINHA ALFA 120 1500J 4005 ROXO;2,5;2,5
2210;2210;LINHA ALFA 120 1500J 4006;2,5;2,5
2129;2129;LINHA ALFA 120 1500J 4007 VINHO;2,5;2,5
20692;20692;LINHA ALFA 120 1500J 4008 ROXO;2,5;2,5
9179;9179;LINHA ALFA 120 1500J 4009;2,5;2,5
18238;18238;LINHA ALFA 120 1500J 4012 ;2,5;2,5
5076;5076;LINHA ALFA 120 1500J 4013;2,5;2,5
2359;2359;LINHA ALFA 120 1500J 4500 NOITE;2,5;2,5
2372;2372;LINHA ALFA 120 1500J 4501 MARINHO;2,5;2,5
2358;2358;LINHA ALFA 120 1500J 4502 PISCINA;2,5;2,5
2360;2360;LINHA ALFA 120 1500J 4503 ROYAL;2,5;2,5
2368;2368;LINHA ALFA 120 1500J 4504 TURQUESA;2,5;2,5
2356;2356;LINHA ALFA 120 1500J 4505 AZUL BB;2,5;2,5
20513;20513;LINHA ALFA 120 1500J 4506 AZUL BEBE;2,5;2,5
20555;20555;LINHA ALFA 120 1500J 4507 AZUL;2,5;2,5
20515;20515;LINHA ALFA 120 1500J 4508 AZUL;2,5;2,5
2131;2131;LINHA ALFA 120 1500J 4509 AZUL;2,5;2,5
2135;2135;LINHA ALFA 120 1500J 4510 AZUL;2,5;2,5
2136;2136;LINHA ALFA 120 1500J 4511 PETROLEO;2,5;2,5
2137;2137;LINHA ALFA 120 1500J 4512 AZUL;2,5;2,5
2138;2138;LINHA ALFA 120 1500J 4513 AZUL ESCURO;2,5;2,5
2139;2139;LINHA ALFA 120 1500J 4514 AZUL MEDIO;2,5;2,5
2140;2140;LINHA ALFA 120 1500J 4515 MARINHO FOSCO;2,5;2,5
10960;10960;LINHA ALFA 120 1500J 4516;2,5;2,5
13204;13204;LINHA ALFA 120 1500J 4517;2,5;2,5
13206;13206;LINHA ALFA 120 1500J 4519;2,5;2,5
10965;10965;LINHA ALFA 120 1500J 4520;2,5;2,5
2212;2212;LINHA ALFA 120 1500J 4521;2,5;2,5
17119;17119;LINHA ALFA 120 1500J 4523 ;2,5;2,5
5078;5078;LINHA ALFA 120 1500J 4524;2,5;2,5
3540;3540;LINHA ALFA 120 1500J 5000 CHUMBO;2,5;2,5
2361;2361;LINHA ALFA 120 1500J 5001 CINZA CLARO;2,5;2,5
2370;2370;LINHA ALFA 120 1500J 5002 ESTANHO;2,5;2,5
2373;2373;LINHA ALFA 120 1500J 5003 CINZA CLARO;2,5;2,5
20516;20516;LINHA ALFA 120 1500J 5004 CINZA CLARO;2,5;2,5
2141;2141;LINHA ALFA 120 1500J 5005 CINZA;2,5;2,5
2142;2142;LINHA ALFA 120 1500J 5006 CINZA;2,5;2,5
2213;2213;LINHA ALFA 120 1500J 5007;2,5;2,5
9172;9172;LINHA ALFA 120 1500J 5008;2,5;2,5
10967;10967;LINHA ALFA 120 1500J 5009;2,5;2,5
2379;2379;LINHA ALFA 120 1500J 5500 MARROM;2,5;2,5
2214;2214;LINHA ALFA 120 1500J 5501;2,5;2,5
2132;2132;LINHA ALFA 120 1500J 5502 CHOCOLATE;2,5;2,5
20690;20690;LINHA ALFA 120 1500J 5503 MARROM;2,5;2,5
13207;13207;LINHA ALFA 120 1500J 5504;2,5;2,5
17131;17131;LINHA ALFA 120 1500J 5505 ;2,5;2,5
19757;19757;LINHA ALFA 120 1500JDS CORES;2,5;2,5
20309;20309;LINHA ALFA 120 5000M    9900 PRETA;7,15;7,15
20310;20310;LINHA ALFA 120 5000M 0100 BRANCA;7,15;7,15
20315;20315;LINHA ALFA 120 5000M 0101 NATURAL;7,15;7,15
20999;20999;LINHA ALFA 120 5000M 0102;7,15;7,15
21000;21000;LINHA ALFA 120 5000M 0500;7,15;7,15
20319;20319;LINHA ALFA 120 5000M 0501 CANARIO;7,15;7,15
20320;20320;LINHA ALFA 120 5000M 0502 AM. BB;7,15;7,15
20495;20495;LINHA ALFA 120 5000M 0504 AM. BB;7,15;7,15
20496;20496;LINHA ALFA 120 5000M 0505 AM CLARO;7,15;7,15
21001;21001;LINHA ALFA 120 5000M 1000;7,15;7,15
21002;21002;LINHA ALFA 120 5000M 1001;7,15;7,15
20324;20324;LINHA ALFA 120 5000M 1002 LARANJA;7,15;7,15
6598;6598;LINHA ALFA 120 5000M 1003;7,15;7,15
11749;11749;LINHA ALFA 120 5000M 1004;7,15;7,15
20406;20406;LINHA ALFA 120 5000M 1501 CAQUI CLARO;7,15;7,15
20497;20497;LINHA ALFA 120 5000M 1502 CAQUI ESCURO;7,15;7,15
2290;2290;LINHA ALFA 120 5000M 1503;7,15;7,15
2252;2252;LINHA ALFA 120 5000M 1504;7,15;7,15
21003;21003;LINHA ALFA 120 5000M 2000;7,15;7,15
2254;2254;LINHA ALFA 120 5000M 2001;7,15;7,15
20407;20407;LINHA ALFA 120 5000M 2003 BEGE;7,15;7,15
2255;2255;LINHA ALFA 120 5000M 2500;7,15;7,15
20325;20325;LINHA ALFA 120 5000M 2501 VERDE;7,15;7,15
21004;21004;LINHA ALFA 120 5000M 2502;7,15;7,15
21005;21005;LINHA ALFA 120 5000M 2503;7,15;7,15
20498;20498;LINHA ALFA 120 5000M 2504 VERDE MUSGO;7,15;7,15
20323;20323;LINHA ALFA 120 5000M 2505 VERDE MUSGO;7,15;7,15
21006;21006;LINHA ALFA 120 5000M 2507;7,15;7,15
20408;20408;LINHA ALFA 120 5000M 2508 VERDE;7,15;7,15
2258;2258;LINHA ALFA 120 5000M 2510;7,15;7,15
2259;2259;LINHA ALFA 120 5000M 2511;7,15;7,15
21007;21007;LINHA ALFA 120 5000M 2512;7,15;7,15
2260;2260;LINHA ALFA 120 5000M 2514;7,15;7,15
2261;2261;LINHA ALFA 120 5000M 2515;7,15;7,15
21008;21008;LINHA ALFA 120 5000M 2516;7,15;7,15
14679;14679;LINHA ALFA 120 5000M 2518;7,15;7,15
14681;14681;LINHA ALFA 120 5000M 2519;7,15;7,15
14682;14682;LINHA ALFA 120 5000M 2521;7,15;7,15
14683;14683;LINHA ALFA 120 5000M 2522;7,15;7,15
14680;14680;LINHA ALFA 120 5000M 2523;7,15;7,15
2266;2266;LINHA ALFA 120 5000M 3000;7,15;7,15
20409;20409;LINHA ALFA 120 5000M 3001 ;7,15;7,15
20499;20499;LINHA ALFA 120 5000M 3002 PINK;7,15;7,15
20500;20500;LINHA ALFA 120 5000M 3003 CORAL;7,15;7,15
21009;21009;LINHA ALFA 120 5000M 3004;7,15;7,15
21010;21010;LINHA ALFA 120 5000M 3005;7,15;7,15
2268;2268;LINHA ALFA 120 5000M 3006;7,15;7,15
14684;14684;LINHA ALFA 120 5000M 3009;7,15;7,15
14804;14804;LINHA ALFA 120 5000M 3010;7,15;7,15
5074;5074;LINHA ALFA 120 5000M 3012;7,15;7,15
20314;20314;LINHA ALFA 120 5000M 3500 VERMELHO;7,15;7,15
20311;20311;LINHA ALFA 120 5000M 3501 VERMELHO ;7,15;7,15
20501;20501;LINHA ALFA 120 5000M 3502 VERMELHO;7,15;7,15
2269;2269;LINHA ALFA 120 5000M 4000;7,15;7,15
20502;20502;LINHA ALFA 120 5000M 4001 ROXO ;7,15;7,15
20410;20410;LINHA ALFA 120 5000M 4002 LILAS;7,15;7,15
21012;21012;LINHA ALFA 120 5000M 4003;7,15;7,15
19105;19105;LINHA ALFA 120 5000M 4007 VINHO;7,15;7,15
2271;2271;LINHA ALFA 120 5000M 4008;7,15;7,15
14803;14803;LINHA ALFA 120 5000M 4009;7,15;7,15
21013;21013;LINHA ALFA 120 5000M 4012;7,15;7,15
20312;20312;LINHA ALFA 120 5000M 4500 NOITE;7,15;7,15
20313;20313;LINHA ALFA 120 5000M 4501 MARINHO;7,15;7,15
20503;20503;LINHA ALFA 120 5000M 4502 PISCINA;7,15;7,15
20316;20316;LINHA ALFA 120 5000M 4503 ROYAL;7,15;7,15
20504;20504;LINHA ALFA 120 5000M 4504 TURQUESA;7,15;7,15
20505;20505;LINHA ALFA 120 5000M 4505 AZUL BB;7,15;7,15
2273;2273;LINHA ALFA 120 5000M 4506;7,15;7,15
2275;2275;LINHA ALFA 120 5000M 4507;7,15;7,15
2281;2281;LINHA ALFA 120 5000M 4508;7,15;7,15
21014;21014;LINHA ALFA 120 5000M 4509;7,15;7,15
2287;2287;LINHA ALFA 120 5000M 4510;7,15;7,15
2248;2248;LINHA ALFA 120 5000M 4512;7,15;7,15
2247;2247;LINHA ALFA 120 5000M 4514;7,15;7,15
2245;2245;LINHA ALFA 120 5000M 4515;7,15;7,15
14805;14805;LINHA ALFA 120 5000M 4516;7,15;7,15
14262;14262;LINHA ALFA 120 5000M 4517;7,15;7,15
14264;14264;LINHA ALFA 120 5000M 4519;7,15;7,15
14017;14017;LINHA ALFA 120 5000M 4520;7,15;7,15
20317;20317;LINHA ALFA 120 5000M 5000 CHUMBO;7,15;7,15
20318;20318;LINHA ALFA 120 5000M 5001 CINZA CLARO;7,15;7,15
20411;20411;LINHA ALFA 120 5000M 5002 ESTANHO;7,15;7,15
20506;20506;LINHA ALFA 120 5000M 5003 CINZA CLARO;7,15;7,15
2244;2244;LINHA ALFA 120 5000M 5004;7,15;7,15
2243;2243;LINHA ALFA 120 5000M 5005;7,15;7,15
2101;2101;LINHA ALFA 120 5000M 5006;7,15;7,15
14275;14275;LINHA ALFA 120 5000M 5008;7,15;7,15
14276;14276;LINHA ALFA 120 5000M 5009;7,15;7,15
20412;20412;LINHA ALFA 120 5000M 5500 MARROM;7,15;7,15
2321;2321;LINHA ALFA 120 5000M 5503;7,15;7,15
14263;14263;LINHA ALFA 120 5000M 5504;7,15;7,15
19362;19362;LINHA ALFA 36 5000M    9900 PRETA;16,65;16,65
19361;19361;LINHA ALFA 36 5000M 0100 BRANCO;16,65;16,65
2147;2147;LINHA ALFA 36 5000M 0509 ;16,65;16,65
20413;20413;LINHA ALFA 36 5000M 1502 CAQUI ESCURO;16,65;16,65
20414;20414;LINHA ALFA 36 5000M 1503 OCRE;16,65;16,65
18564;18564;LINHA ALFA 36 5000M 1504;16,65;16,65
2150;2150;LINHA ALFA 36 5000M 1506;16,65;16,65
17023;17023;LINHA ALFA 36 5000M 1507;16,65;16,65
20415;20415;LINHA ALFA 36 5000M 2003 BEGE;16,65;16,65
2151;2151;LINHA ALFA 36 5000M 2008;16,65;16,65
18565;18565;LINHA ALFA 36 5000M 2514;16,65;16,65
20444;20444;LINHA ALFA 36 5000M 3500 VERMELHO;16,65;16,65
20445;20445;LINHA ALFA 36 5000M 3501 VERMELHO VIVO;16,65;16,65
5036;5036;LINHA ALFA 36 5000M 4500;16,65;16,65
20416;20416;LINHA ALFA 36 5000M 4501 MARINHO;16,65;16,65
2152;2152;LINHA ALFA 36 5000M 4521;16,65;16,65
20417;20417;LINHA ALFA 36 5000M 5000 CHUMBO;16,65;16,65
20447;20447;LINHA ALFA 36 5000M 5001 CINZA CLARO;16,65;16,65
20940;20940;LINHA ALFA 36 5000M 5002;16,65;16,65
2153;2153;LINHA ALFA 36 5000M 5007 ;16,65;16,65
17085;17085;LINHA ALFA 36 5000M 5500;16,65;16,65
19368;19368;LINHA ALFA 50 5000M    9900 PRETA;11,6;11,6
19367;19367;LINHA ALFA 50 5000M 0100 BRANCO;11,6;11,6
2154;2154;LINHA ALFA 50 5000M 0509;11,6;11,6
20418;20418;LINHA ALFA 50 5000M 1502 CAQUI ESCURO;11,6;11,6
20419;20419;LINHA ALFA 50 5000M 1503 OCRE;11,6;11,6
17161;17161;LINHA ALFA 50 5000M 1504;11,6;11,6
2155;2155;LINHA ALFA 50 5000M 1506;11,6;11,6
17024;17024;LINHA ALFA 50 5000M 1507;11,6;11,6
8415;8415;LINHA ALFA 50 5000M 2000 ;11,6;11,6
20420;20420;LINHA ALFA 50 5000M 2003 BEGE;11,6;11,6
2156;2156;LINHA ALFA 50 5000M 2008;11,6;11,6
3780;3780;LINHA ALFA 50 5000M 2505;11,6;11,6
16601;16601;LINHA ALFA 50 5000M 2514;11,6;11,6
20448;20448;LINHA ALFA 50 5000M 3500 VERMELHO;11,6;11,6
20449;20449;LINHA ALFA 50 5000M 3501 VERMELHO VIVO;11,6;11,6
8416;8416;LINHA ALFA 50 5000M 4500;11,6;11,6
20421;20421;LINHA ALFA 50 5000M 4501 MARINHO;11,6;11,6
2157;2157;LINHA ALFA 50 5000M 4521 ;11,6;11,6
20422;20422;LINHA ALFA 50 5000M 5000 CHUMBO;11,6;11,6
20451;20451;LINHA ALFA 50 5000M 5001 CINZA CLARO;11,6;11,6
20941;20941;LINHA ALFA 50 5000M 5002;11,6;11,6
8417;8417;LINHA ALFA 50 5000M 5006;11,6;11,6
2158;2158;LINHA ALFA 50 5000M 5007;11,6;11,6
17162;17162;LINHA ALFA 50 5000M 5500;11,6;11,6
19370;19370;LINHA ALFA 80 5000M    9900 PRETA;9,4;9,4
19369;19369;LINHA ALFA 80 5000M 0100 BRANCO;9,4;9,4
20256;20256;LINHA ALFA 80 5000M 0101 NATURAL;9,4;9,4
5073;5073;LINHA ALFA 80 5000M 0102;9,4;9,4
20424;20424;LINHA ALFA 80 5000M 0500 AMARELO;9,4;9,4
20259;20259;LINHA ALFA 80 5000M 0501 CANARIO;9,4;9,4
20253;20253;LINHA ALFA 80 5000M 0502 AM. BB;9,4;9,4
20262;20262;LINHA ALFA 80 5000M 0503 OURO;9,4;9,4
10961;10961;LINHA ALFA 80 5000M 0505;9,4;9,4
2239;2239;LINHA ALFA 80 5000M 0506;9,4;9,4
2241;2241;LINHA ALFA 80 5000M 0508;9,4;9,4
20326;20326;LINHA ALFA 80 5000M 1002 LARANJA;9,4;9,4
6597;6597;LINHA ALFA 80 5000M 1003;9,4;9,4
2326;2326;LINHA ALFA 80 5000M 1501;9,4;9,4
20265;20265;LINHA ALFA 80 5000M 1502 CAQUI ESCURO;9,4;9,4
2300;2300;LINHA ALFA 80 5000M 1503 ;9,4;9,4
2299;2299;LINHA ALFA 80 5000M 1504;9,4;9,4
2305;2305;LINHA ALFA 80 5000M 1507;9,4;9,4
20699;20699;LINHA ALFA 80 5000M 2000 BEGE;9,4;9,4
17834;17834;LINHA ALFA 80 5000M 2001;9,4;9,4
2306;2306;LINHA ALFA 80 5000M 2003;9,4;9,4
9181;9181;LINHA ALFA 80 5000M 2008;9,4;9,4
2307;2307;LINHA ALFA 80 5000M 2500;9,4;9,4
20328;20328;LINHA ALFA 80 5000M 2501 VERDE;9,4;9,4
2308;2308;LINHA ALFA 80 5000M 2502;9,4;9,4
17580;17580;LINHA ALFA 80 5000M 2504;9,4;9,4
20327;20327;LINHA ALFA 80 5000M 2505 VERDE;9,4;9,4
20700;20700;LINHA ALFA 80 5000M 2508 VERDE;9,4;9,4
9180;9180;LINHA ALFA 80 5000M 2509;9,4;9,4
2309;2309;LINHA ALFA 80 5000M 2510;9,4;9,4
2311;2311;LINHA ALFA 80 5000M 2511;9,4;9,4
9178;9178;LINHA ALFA 80 5000M 2513;9,4;9,4
2312;2312;LINHA ALFA 80 5000M 2514;9,4;9,4
2313;2313;LINHA ALFA 80 5000M 2515;9,4;9,4
20916;20916;LINHA ALFA 80 5000M 3000;9,4;9,4
18230;18230;LINHA ALFA 80 5000M 3001 ;9,4;9,4
2314;2314;LINHA ALFA 80 5000M 3002;9,4;9,4
3063;3063;LINHA ALFA 80 5000M 3003;9,4;9,4
1707;1707;LINHA ALFA 80 5000M 3004;9,4;9,4
2315;2315;LINHA ALFA 80 5000M 3006;9,4;9,4
5075;5075;LINHA ALFA 80 5000M 3012;9,4;9,4
20252;20252;LINHA ALFA 80 5000M 3500 VERMELHA;9,4;9,4
20260;20260;LINHA ALFA 80 5000M 3501 VERMELHO VIVO;9,4;9,4
2302;2302;LINHA ALFA 80 5000M 4000;9,4;9,4
2316;2316;LINHA ALFA 80 5000M 4001 ;9,4;9,4
3771;3771;LINHA ALFA 80 5000M 4002;9,4;9,4
3658;3658;LINHA ALFA 80 5000M 4003;9,4;9,4
20697;20697;LINHA ALFA 80 5000M 4007 VINHO;9,4;9,4
20968;20968;LINHA ALFA 80 5000M 4012;9,4;9,4
20257;20257;LINHA ALFA 80 5000M 4500 MARINHO ESCURO;9,4;9,4
20258;20258;LINHA ALFA 80 5000M 4501 MARINHO;9,4;9,4
2303;2303;LINHA ALFA 80 5000M 4502;9,4;9,4
20254;20254;LINHA ALFA 80 5000M 4503 ROYAL;9,4;9,4
2304;2304;LINHA ALFA 80 5000M 4504;9,4;9,4
1607;1607;LINHA ALFA 80 5000M 4505 ;9,4;9,4
2317;2317;LINHA ALFA 80 5000M 4506;9,4;9,4
2327;2327;LINHA ALFA 80 5000M 4507;9,4;9,4
20991;20991;LINHA ALFA 80 5000M 4508;9,4;9,4
9173;9173;LINHA ALFA 80 5000M 4509;9,4;9,4
20696;20696;LINHA ALFA 80 5000M 4510 AZUL;9,4;9,4
1807;1807;LINHA ALFA 80 5000M 4511;9,4;9,4
2318;2318;LINHA ALFA 80 5000M 4512;9,4;9,4
9174;9174;LINHA ALFA 80 5000M 4513;9,4;9,4
2319;2319;LINHA ALFA 80 5000M 4514;9,4;9,4
5294;5294;LINHA ALFA 80 5000M 4523;9,4;9,4
20261;20261;LINHA ALFA 80 5000M 5000 CHUMBO;9,4;9,4
20267;20267;LINHA ALFA 80 5000M 5001 CINZA CLARO;9,4;9,4
2320;2320;LINHA ALFA 80 5000M 5002;9,4;9,4
2330;2330;LINHA ALFA 80 5000M 5003;9,4;9,4
2297;2297;LINHA ALFA 80 5000M 5004;9,4;9,4
2331;2331;LINHA ALFA 80 5000M 5005;9,4;9,4
17159;17159;LINHA ALFA 80 5000M 5006;9,4;9,4
9177;9177;LINHA ALFA 80 5000M 5007;9,4;9,4
20698;20698;LINHA ALFA 80 5000M 5500 MARROM;9,4;9,4
10966;10966;LINHA ALFA 80 5000M 5501;9,4;9,4
10687;10687;LINHA ALFA 80 5000M 5503;9,4;9,4
10962;10962;LINHA ALFA 80 5000M 5505;9,4;9,4
20390;20390;LINHA P/ BORDAR ALFA 95002 ROSA;4,9;4,9
14744;14744;LINHA P/ BORDAR ALFA 95003 ROSA;4,9;4,9
14743;14743;LINHA P/ BORDAR ALFA 95007 VERMELHO;4,9;4,9
20452;20452;LINHA P/ BORDAR ALFA 95017 AZUL;4,9;4,9
20453;20453;LINHA P/ BORDAR ALFA 95018 AZUL;4,9;4,9
19540;19540;LINHA P/ BORDAR ALFA 95019 CELESTE;4,9;4,9
14747;14747;LINHA P/ BORDAR ALFA 95020 ROYAL CLARO;4,9;4,9
14749;14749;LINHA P/ BORDAR ALFA 95021 ROYAL ESCURO;4,9;4,9
14751;14751;LINHA P/ BORDAR ALFA 95024 MARINHO;4,9;4,9
19541;19541;LINHA P/ BORDAR ALFA 95026 VERDE;4,9;4,9
15274;15274;LINHA P/ BORDAR ALFA 95027 VERDE BANDEIRA;4,9;4,9
20582;20582;LINHA P/ BORDAR ALFA 95028 VERDE;4,9;4,9
15693;15693;LINHA P/ BORDAR ALFA 95029 AMARELO CLARO;4,9;4,9
14739;14739;LINHA P/ BORDAR ALFA 95033 AMARELO B.B.;4,9;4,9
20362;20362;LINHA P/ BORDAR ALFA 95034 OCRE;4,9;4,9
14755;14755;LINHA P/ BORDAR ALFA 95039 CAQUI CLARO;4,9;4,9
20936;20936;LINHA P/ BORDAR ALFA 95041;4,9;4,9
20391;20391;LINHA P/ BORDAR ALFA 95042 OCRE;4,9;4,9
15275;15275;LINHA P/ BORDAR ALFA 95046 CINZA ESCURO;4,9;4,9
14762;14762;LINHA P/ BORDAR ALFA 95047 CHUMBO ESCURO;4,9;4,9
19545;19545;LINHA P/ BORDAR ALFA 95049 AMARELO;4,9;4,9
19243;19243;LINHA P/ BORDAR ALFA 95050 ABACATE;4,9;4,9
15276;15276;LINHA P/ BORDAR ALFA 95053 BEGE;4,9;4,9
20454;20454;LINHA P/ BORDAR ALFA 95054 VERDE;4,9;4,9
14750;14750;LINHA P/ BORDAR ALFA 95056 MARINHO;4,9;4,9
14737;14737;LINHA P/ BORDAR ALFA 95058 CANARIO;4,9;4,9
14742;14742;LINHA P/ BORDAR ALFA 95066 VERMELHO;4,9;4,9
15277;15277;LINHA P/ BORDAR ALFA 95067 VERDE CLARO;4,9;4,9
19248;19248;LINHA P/ BORDAR ALFA 95072 AZUL CELESTE;4,9;4,9
14757;14757;LINHA P/ BORDAR ALFA 95074 MARROM;4,9;4,9
14752;14752;LINHA P/ BORDAR ALFA 95075 VERDE ESCURO;4,9;4,9
14758;14758;LINHA P/ BORDAR ALFA 95076 CINZA;4,9;4,9
20281;20281;LINHA P/ BORDAR ALFA 95077 CAQUI;4,9;4,9
14745;14745;LINHA P/ BORDAR ALFA 95078 BORDO;4,9;4,9
14761;14761;LINHA P/ BORDAR ALFA 95082 CHUMBO;4,9;4,9
14756;14756;LINHA P/ BORDAR ALFA 95083 MOSTARDA;4,9;4,9
20280;20280;LINHA P/ BORDAR ALFA 95087 PINK;4,9;4,9
14753;14753;LINHA P/ BORDAR ALFA 95088 MUSGO;4,9;4,9
14760;14760;LINHA P/ BORDAR ALFA 95089 CINZA CLARO;4,9;4,9
14740;14740;LINHA P/ BORDAR ALFA 95094 LARANJA;4,9;4,9
19542;19542;LINHA P/ BORDAR ALFA 95095 LARANJA;4,9;4,9
19250;19250;LINHA P/ BORDAR ALFA 95096 PRATA;4,9;4,9
20283;20283;LINHA P/ BORDAR ALFA 95097 AMARELO FLUOR;4,9;4,9
19234;19234;LINHA P/ BORDAR ALFA 95099 LARANJA FLUOR;4,9;4,9
20282;20282;LINHA P/ BORDAR ALFA 95100 ROSA FLUOR;4,9;4,9
20360;20360;LINHA P/ BORDAR ALFA 95101 ROSA;4,9;4,9
19246;19246;LINHA P/ BORDAR ALFA 95102 VD FLUOR;4,9;4,9
19249;19249;LINHA P/ BORDAR ALFA 95103 LARANJA CITRUS;4,9;4,9
20284;20284;LINHA P/ BORDAR ALFA 95105 ROXO;4,9;4,9
19245;19245;LINHA P/ BORDAR ALFA 95113 PALHA;4,9;4,9
14748;14748;LINHA P/ BORDAR ALFA 95115 ROYAL MEDIO;4,9;4,9
20285;20285;LINHA P/ BORDAR ALFA 95116 LARANJA;4,9;4,9
15278;15278;LINHA P/ BORDAR ALFA 95119 MOSTARDA;4,9;4,9
20359;20359;LINHA P/ BORDAR ALFA 95121 AZUL;4,9;4,9
15699;15699;LINHA P/ BORDAR ALFA 95122 ROSA;4,9;4,9
20455;20455;LINHA P/ BORDAR ALFA 95126 AZUL CLARO;4,9;4,9
19543;19543;LINHA P/ BORDAR ALFA 95127 MARINHO;4,9;4,9
20456;20456;LINHA P/ BORDAR ALFA 95129 ROSADO;4,9;4,9
20392;20392;LINHA P/ BORDAR ALFA 95132 AM. CLARO;4,9;4,9
20423;20423;LINHA P/ BORDAR ALFA 95133 AZUL;4,9;4,9
20457;20457;LINHA P/ BORDAR ALFA 95139 AZUL CLARO;4,9;4,9
19244;19244;LINHA P/ BORDAR ALFA 95146 CINZA;4,9;4,9
14738;14738;LINHA P/ BORDAR ALFA 95158 AMARELO;4,9;4,9
20581;20581;LINHA P/ BORDAR ALFA 95173 VINHO;4,9;4,9
15279;15279;LINHA P/ BORDAR ALFA 95176 CINZA PRATA;4,9;4,9
20458;20458;LINHA P/ BORDAR ALFA 95177 VERDE CLARO;4,9;4,9
14746;14746;LINHA P/ BORDAR ALFA 95183 ROXO;4,9;4,9
19544;19544;LINHA P/ BORDAR ALFA 95186 MOSTARDA;4,9;4,9
19235;19235;LINHA P/ BORDAR ALFA 95189 CAQUI CLARO;4,9;4,9
20937;20937;LINHA P/ BORDAR ALFA 95204;4,9;4,9
14754;14754;LINHA P/ BORDAR ALFA 95205 CAQUI ESCURO;4,9;4,9
15700;15700;LINHA P/ BORDAR ALFA 95206 ROSA;4,9;4,9
14741;14741;LINHA P/ BORDAR ALFA 95215 VERMELHO;4,9;4,9
14759;14759;LINHA P/ BORDAR ALFA 95233 CINZA ESCURO;4,9;4,9
15694;15694;LINHA P/ BORDAR ALFA 95237 CINZA;4,9;4,9
15695;15695;LINHA P/ BORDAR ALFA 95277 LILAS;4,9;4,9
19247;19247;LINHA P/ BORDAR ALFA 95284 CELESTE;4,9;4,9
15701;15701;LINHA P/ BORDAR ALFA 95290 VERDE AGUA;4,9;4,9
20279;20279;LINHA P/ BORDAR ALFA 95297 AMARELO;4,9;4,9
20938;20938;LINHA P/ BORDAR ALFA 95306;4,9;4,9
14736;14736;LINHA P/ BORDAR ALFA 95310 BRANCA;4,9;4,9
14763;14763;LINHA P/ BORDAR ALFA 95311 PRETA;4,9;4,9
19236;19236;LINHA P/ BORDAR ALFA 95499 BEGE;4,9;4,9
15697;15697;LINHA P/ BORDAR ALFA 95584 OCRE;4,9;4,9
15696;15696;LINHA P/ BORDAR ALFA 95602 MOSTARDA;4,9;4,9
20393;20393;LINHA P/ BORDAR ALFA 95619 AZUL;4,9;4,9
20959;20959;LINHA P/ BORDAR ALFA 95678;4,9;4,9
20960;20960;LINHA P/ BORDAR ALFA 95700;4,9;4,9
20961;20961;LINHA P/ BORDAR ALFA 95701;4,9;4,9
20962;20962;LINHA P/ BORDAR ALFA 95970;4,9;4,9
20931;20931;LINHA P/ BORDAR BETA G588;7;7
21078;21078;LINHA P/ BORDAR BETA 95002;7;7
20562;20562;LINHA P/ BORDAR BETA 95003 ROSA;7;7
20459;20459;LINHA P/ BORDAR BETA 95007 VERMELHO;7;7
21079;21079;LINHA P/ BORDAR BETA 95017;7;7
20634;20634;LINHA P/ BORDAR BETA 95018 AZUL;7;7
20563;20563;LINHA P/ BORDAR BETA 95019 CELESTE;7;7
20564;20564;LINHA P/ BORDAR BETA 95020 ROYAL CLARO;7;7
20394;20394;LINHA P/ BORDAR BETA 95021 ROYAL ESCURO;7;7
20635;20635;LINHA P/ BORDAR BETA 95023 PETROLEO;7;7
20565;20565;LINHA P/ BORDAR BETA 95024 MARINHO;7;7
21080;21080;LINHA P/ BORDAR BETA 95026;7;7
21081;21081;LINHA P/ BORDAR BETA 95027;7;7
20827;20827;LINHA P/ BORDAR BETA 95028 B*;7;7
20627;20627;LINHA P/ BORDAR BETA 95028 VERDE;7;7
21082;21082;LINHA P/ BORDAR BETA 95029;7;7
20460;20460;LINHA P/ BORDAR BETA 95033 AMARELO B.B.;7;7
20629;20629;LINHA P/ BORDAR BETA 95034 OCRE;7;7
1811;1811;LINHA P/ BORDAR BETA 95039 CAQUI CLARO;7;7
20826;20826;LINHA P/ BORDAR BETA 95041;7;7
20566;20566;LINHA P/ BORDAR BETA 95042 OCRE;7;7
20567;20567;LINHA P/ BORDAR BETA 95046 CINZA ESCURO;7;7
20461;20461;LINHA P/ BORDAR BETA 95047 CHUMBO ESCURO;7;7
20521;20521;LINHA P/ BORDAR BETA 95049 AMARELO;7;7
1812;1812;LINHA P/ BORDAR BETA 95050 ABACATE;7;7
20568;20568;LINHA P/ BORDAR BETA 95053 BEGE;7;7
20626;20626;LINHA P/ BORDAR BETA 95054 VERDE;7;7
20462;20462;LINHA P/ BORDAR BETA 95056 MARINHO;7;7
20395;20395;LINHA P/ BORDAR BETA 95058 CANARIO;7;7
10977;10977;LINHA P/ BORDAR BETA 95060;7;7
95094;95094;LINHA P/ BORDAR BETA 95062;7;7
20943;20943;LINHA P/ BORDAR BETA 95063;7;7
20396;20396;LINHA P/ BORDAR BETA 95066 VERMELHO;7;7
1816;1816;LINHA P/ BORDAR BETA 95067 VERDE CLARO;7;7
20522;20522;LINHA P/ BORDAR BETA 95072 AZUL CELESTE;7;7
20823;20823;LINHA P/ BORDAR BETA 95074 B*;7;7
20463;20463;LINHA P/ BORDAR BETA 95074 MARROM;7;7
20397;20397;LINHA P/ BORDAR BETA 95075 VERDE ESCURO;7;7
20464;20464;LINHA P/ BORDAR BETA 95076 CINZA;7;7
20630;20630;LINHA P/ BORDAR BETA 95077 CAQUI;7;7
20570;20570;LINHA P/ BORDAR BETA 95078 BORDO;7;7
20824;20824;LINHA P/ BORDAR BETA 95082 B*;7;7
20465;20465;LINHA P/ BORDAR BETA 95082 CHUMBO;7;7
20466;20466;LINHA P/ BORDAR BETA 95083 MOSTARDA;7;7
20523;20523;LINHA P/ BORDAR BETA 95087 PINK;7;7
20571;20571;LINHA P/ BORDAR BETA 95088 MUSGO;7;7
20625;20625;LINHA P/ BORDAR BETA 95089 CINZA CLARO;7;7
21104;21104;LINHA P/ BORDAR BETA 95090;7;7
20467;20467;LINHA P/ BORDAR BETA 95094 LARANJA;7;7
20572;20572;LINHA P/ BORDAR BETA 95095 LARANJA;7;7
21083;21083;LINHA P/ BORDAR BETA 95096;7;7
21084;21084;LINHA P/ BORDAR BETA 95097;7;7
20524;20524;LINHA P/ BORDAR BETA 95099 LARANJA FLUOR;7;7
20525;20525;LINHA P/ BORDAR BETA 95100 ROSA FLUOR;7;7
21085;21085;LINHA P/ BORDAR BETA 95101;7;7
20526;20526;LINHA P/ BORDAR BETA 95102 VERDE FLUOR;7;7
21086;21086;LINHA P/ BORDAR BETA 95103;7;7
21087;21087;LINHA P/ BORDAR BETA 95105;7;7
20573;20573;LINHA P/ BORDAR BETA 95113 PALHA;7;7
1822;1822;LINHA P/ BORDAR BETA 95115 ROYAL MEDIO;7;7
20574;20574;LINHA P/ BORDAR BETA 95116 LARANJA;7;7
20468;20468;LINHA P/ BORDAR BETA 95119 MOSTARDA;7;7
20575;20575;LINHA P/ BORDAR BETA 95121 AZUL;7;7
21088;21088;LINHA P/ BORDAR BETA 95122;7;7
21089;21089;LINHA P/ BORDAR BETA 95126;7;7
21090;21090;LINHA P/ BORDAR BETA 95127;7;7
11237;11237;LINHA P/ BORDAR BETA 95128;7;7
21091;21091;LINHA P/ BORDAR BETA 95129;7;7
21092;21092;LINHA P/ BORDAR BETA 95132;7;7
21093;21093;LINHA P/ BORDAR BETA 95133;7;7
21094;21094;LINHA P/ BORDAR BETA 95139;7;7
1824;1824;LINHA P/ BORDAR BETA 95146 CINZA;7;7
20469;20469;LINHA P/ BORDAR BETA 95158 AMARELO;7;7
21095;21095;LINHA P/ BORDAR BETA 95173;7;7
20576;20576;LINHA P/ BORDAR BETA 95176 PRATA;7;7
21096;21096;LINHA P/ BORDAR BETA 95177;7;7
20470;20470;LINHA P/ BORDAR BETA 95183 ROXO;7;7
21097;21097;LINHA P/ BORDAR BETA 95186;7;7
20631;20631;LINHA P/ BORDAR BETA 95189 CAQUI CLARO;7;7
11242;11242;LINHA P/ BORDAR BETA 95193;7;7
20825;20825;LINHA P/ BORDAR BETA 95204;7;7
20577;20577;LINHA P/ BORDAR BETA 95205 CAQUI ESCURO;7;7
21098;21098;LINHA P/ BORDAR BETA 95206;7;7
20398;20398;LINHA P/ BORDAR BETA 95215 VERMELHO;7;7
20624;20624;LINHA P/ BORDAR BETA 95233 CINZA ESCURO;7;7
19539;19539;LINHA P/ BORDAR BETA 95237 ;7;7
20628;20628;LINHA P/ BORDAR BETA 95277 LILAS;7;7
20578;20578;LINHA P/ BORDAR BETA 95284 CELESTE;7;7
20636;20636;LINHA P/ BORDAR BETA 95285 VERDE;7;7
20633;20633;LINHA P/ BORDAR BETA 95290 VERDE AGUA;7;7
20579;20579;LINHA P/ BORDAR BETA 95297 AMARELO;7;7
20915;20915;LINHA P/ BORDAR BETA 95306;7;7
20399;20399;LINHA P/ BORDAR BETA 95310 BRANCA;7;7
20400;20400;LINHA P/ BORDAR BETA 95311 PRETA;7;7
20944;20944;LINHA P/ BORDAR BETA 95427;7;7
21100;21100;LINHA P/ BORDAR BETA 95499;7;7
20934;20934;LINHA P/ BORDAR BETA 95526;7;7
20580;20580;LINHA P/ BORDAR BETA 95584 OCRE;7;7
20935;20935;LINHA P/ BORDAR BETA 95600;7;7
20632;20632;LINHA P/ BORDAR BETA 95602 MOSTARDA;7;7
10976;10976;LINHA P/ BORDAR BETA 95615;7;7
21099;21099;LINHA P/ BORDAR BETA 95619;7;7
20942;20942;LINHA P/ BORDAR BETA 95629;7;7
20955;20955;LINHA P/ BORDAR BETA 95678;7;7
20956;20956;LINHA P/ BORDAR BETA 95700;7;7
20957;20957;LINHA P/ BORDAR BETA 95701;7;7
20958;20958;LINHA P/ BORDAR BETA 95970;7;7
2949;2949;LINHA 100 OVER ALFA    017 SALMAO *  ;3,3;3,3
1999;1999;LINHA 100G OVER ALFA    0100;3,1;3,1
2880;2880;LINHA 100G OVER ALFA    0101;4,9;4,9
19533;19533;LINHA 100G OVER ALFA    0500 ;4,9;4,9
2004;2004;LINHA 100G OVER ALFA    0501;4,9;4,9
2005;2005;LINHA 100G OVER ALFA    0502;4,9;4,9
2006;2006;LINHA 100G OVER ALFA    0503;4,9;4,9
21143;21143;LINHA 100G OVER ALFA    0504;4,9;4,9
19099;19099;LINHA 100G OVER ALFA    0505;4,9;4,9
2530;2530;LINHA 100G OVER ALFA    0506;4,9;4,9
17589;17589;LINHA 100G OVER ALFA    0508;4,9;4,9
21176;21176;LINHA 100G OVER ALFA    0509 ;4,9;4,9
21144;21144;LINHA 100G OVER ALFA    0510;4,9;4,9
19041;19041;LINHA 100G OVER ALFA    1000;4,9;4,9
19053;19053;LINHA 100G OVER ALFA    1001;4,9;4,9
21145;21145;LINHA 100G OVER ALFA    1002 ;4,9;4,9
8264;8264;LINHA 100G OVER ALFA    1003;4,9;4,9
15427;15427;LINHA 100G OVER ALFA    1004;4,9;4,9
21179;21179;LINHA 100G OVER ALFA    1500 ;4,9;4,9
19045;19045;LINHA 100G OVER ALFA    1501 ;4,9;4,9
15437;15437;LINHA 100G OVER ALFA    1502;4,9;4,9
3104;3104;LINHA 100G OVER ALFA    1503;4,9;4,9
21177;21177;LINHA 100G OVER ALFA    1504 ;4,9;4,9
21178;21178;LINHA 100G OVER ALFA    1505 ;4,9;4,9
21187;21187;LINHA 100G OVER ALFA    1506;4,9;4,9
21146;21146;LINHA 100G OVER ALFA    1507 ;4,9;4,9
2629;2629;LINHA 100G OVER ALFA    2000;4,9;4,9
19532;19532;LINHA 100G OVER ALFA    2001 ;4,9;4,9
2012;2012;LINHA 100G OVER ALFA    2003;4,9;4,9
21147;21147;LINHA 100G OVER ALFA    2004 ;4,9;4,9
21180;21180;LINHA 100G OVER ALFA    2005;4,9;4,9
2590;2590;LINHA 100G OVER ALFA    2500;4,9;4,9
21181;21181;LINHA 100G OVER ALFA    2501;4,9;4,9
15435;15435;LINHA 100G OVER ALFA    2502;4,9;4,9
21148;21148;LINHA 100G OVER ALFA    2503;4,9;4,9
2015;2015;LINHA 100G OVER ALFA    2504;4,9;4,9
18952;18952;LINHA 100G OVER ALFA    2505;4,9;4,9
21149;21149;LINHA 100G OVER ALFA    2506 ;4,9;4,9
2673;2673;LINHA 100G OVER ALFA    2507;4,9;4,9
19233;19233;LINHA 100G OVER ALFA    2508;4,9;4,9
18946;18946;LINHA 100G OVER ALFA    2509;4,9;4,9
18951;18951;LINHA 100G OVER ALFA    2510;4,9;4,9
12919;12919;LINHA 100G OVER ALFA    2511;4,9;4,9
21182;21182;LINHA 100G OVER ALFA    2512;4,9;4,9
21150;21150;LINHA 100G OVER ALFA    2513;4,9;4,9
19116;19116;LINHA 100G OVER ALFA    2514;4,9;4,9
19181;19181;LINHA 100G OVER ALFA    2515;4,9;4,9
19230;19230;LINHA 100G OVER ALFA    2516 ;4,9;4,9
20243;20243;LINHA 100G OVER ALFA    2517;4,9;4,9
4945;4945;LINHA 100G OVER ALFA    2517/B;4,9;4,9
19080;19080;LINHA 100G OVER ALFA    2518;4,9;4,9
18945;18945;LINHA 100G OVER ALFA    2519;4,9;4,9
15434;15434;LINHA 100G OVER ALFA    2521;4,9;4,9
19183;19183;LINHA 100G OVER ALFA    2522;4,9;4,9
19049;19049;LINHA 100G OVER ALFA    2523;4,9;4,9
15430;15430;LINHA 100G OVER ALFA    3000;4,9;4,9
2546;2546;LINHA 100G OVER ALFA    3001;4,9;4,9
2671;2671;LINHA 100G OVER ALFA    3002;4,9;4,9
15431;15431;LINHA 100G OVER ALFA    3003;4,9;4,9
19231;19231;LINHA 100G OVER ALFA    3004;4,9;4,9
18966;18966;LINHA 100G OVER ALFA    3005 ;4,9;4,9
2528;2528;LINHA 100G OVER ALFA    3006;4,9;4,9
16152;16152;LINHA 100G OVER ALFA    3007;4,9;4,9
19265;19265;LINHA 100G OVER ALFA    3008;4,9;4,9
18973;18973;LINHA 100G OVER ALFA    3009;4,9;4,9
19078;19078;LINHA 100G OVER ALFA    3010;4,9;4,9
21183;21183;LINHA 100G OVER ALFA    3011;4,9;4,9
19071;19071;LINHA 100G OVER ALFA    3500;4,9;4,9
2002;2002;LINHA 100G OVER ALFA    3501;4,9;4,9
21151;21151;LINHA 100G OVER ALFA    3502;4,9;4,9
2014;2014;LINHA 100G OVER ALFA    4000;4,9;4,9
2995;2995;LINHA 100G OVER ALFA    4001;4,9;4,9
7011;7011;LINHA 100G OVER ALFA    4002;4,9;4,9
16172;16172;LINHA 100G OVER ALFA    4003;4,9;4,9
16169;16169;LINHA 100G OVER ALFA    4005 ;4,9;4,9
18958;18958;LINHA 100G OVER ALFA    4006;4,9;4,9
15393;15393;LINHA 100G OVER ALFA    4007;4,9;4,9
19263;19263;LINHA 100G OVER ALFA    4008;4,9;4,9
19083;19083;LINHA 100G OVER ALFA    4009;4,9;4,9
4944;4944;LINHA 100G OVER ALFA    4012;4,9;4,9
2502;2502;LINHA 100G OVER ALFA    4500;4,9;4,9
2016;2016;LINHA 100G OVER ALFA    4501;4,9;4,9
18963;18963;LINHA 100G OVER ALFA    4502;4,9;4,9
2017;2017;LINHA 100G OVER ALFA    4503;4,9;4,9
16170;16170;LINHA 100G OVER ALFA    4504;4,9;4,9
21152;21152;LINHA 100G OVER ALFA    4505 ;4,9;4,9
21153;21153;LINHA 100G OVER ALFA    4506 ;4,9;4,9
18964;18964;LINHA 100G OVER ALFA    4507;4,9;4,9
18954;18954;LINHA 100G OVER ALFA    4508;4,9;4,9
21154;21154;LINHA 100G OVER ALFA    4509 ;4,9;4,9
19075;19075;LINHA 100G OVER ALFA    4510;4,9;4,9
21163;21163;LINHA 100G OVER ALFA    4511 ;4,9;4,9
16153;16153;LINHA 100G OVER ALFA    4512 ;4,9;4,9
21155;21155;LINHA 100G OVER ALFA    4513;4,9;4,9
21184;21184;LINHA 100G OVER ALFA    4514;4,9;4,9
21156;21156;LINHA 100G OVER ALFA    4515 ;4,9;4,9
2881;2881;LINHA 100G OVER ALFA    4516;4,9;4,9
2011;2011;LINHA 100G OVER ALFA    4517;4,9;4,9
15392;15392;LINHA 100G OVER ALFA    4519;4,9;4,9
15310;15310;LINHA 100G OVER ALFA    4520;4,9;4,9
21157;21157;LINHA 100G OVER ALFA    4523 ;4,9;4,9
20951;20951;LINHA 100G OVER ALFA    5000;4,9;4,9
16173;16173;LINHA 100G OVER ALFA    5001;4,9;4,9
2007;2007;LINHA 100G OVER ALFA    5002;4,9;4,9
21185;21185;LINHA 100G OVER ALFA    5003 ;4,9;4,9
19082;19082;LINHA 100G OVER ALFA    5004;4,9;4,9
21158;21158;LINHA 100G OVER ALFA    5005 ;4,9;4,9
21160;21160;LINHA 100G OVER ALFA    5006;4,9;4,9
18972;18972;LINHA 100G OVER ALFA    5007;4,9;4,9
19081;19081;LINHA 100G OVER ALFA    5008;4,9;4,9
2008;2008;LINHA 100G OVER ALFA    5009;4,9;4,9
2013;2013;LINHA 100G OVER ALFA    5500;4,9;4,9
20094;20094;LINHA 100G OVER ALFA    5501;4,9;4,9
2749;2749;LINHA 100G OVER ALFA    5502;4,9;4,9
15438;15438;LINHA 100G OVER ALFA    5504;4,9;4,9
2553;2553;LINHA 100G OVER ALFA    9900;3,25;3,25
20816;20816;LINHA 500G OVER ALFA    ALVEJADO;20,15;20,15
20755;20755;LINHA 500G OVER ALFA    0100;10,45;10,45
12460;12460;LINHA 500G OVER ALFA    0500**;20,15;20,15
20756;20756;LINHA 500G OVER ALFA    0501;20,15;20,15
20757;20757;LINHA 500G OVER ALFA    0502;20,15;20,15
16076;16076;LINHA 500G OVER ALFA    0503**;20,15;20,15
12736;12736;LINHA 500G OVER ALFA    0505**;20,15;20,15
20758;20758;LINHA 500G OVER ALFA    0506;20,15;20,15
16895;16895;LINHA 500G OVER ALFA    0508;20,15;20,15
18499;18499;LINHA 500G OVER ALFA    1000;20,15;20,15
20759;20759;LINHA 500G OVER ALFA    1001;20,15;20,15
2564;2564;LINHA 500G OVER ALFA    1002**;20,15;20,15
21121;21121;LINHA 500G OVER ALFA    1003**;20,15;20,15
20760;20760;LINHA 500G OVER ALFA    1501;20,15;20,15
20814;20814;LINHA 500G OVER ALFA    1503;20,15;20,15
14780;14780;LINHA 500G OVER ALFA    1505**;20,15;20,15
20761;20761;LINHA 500G OVER ALFA    2000;20,15;20,15
17060;17060;LINHA 500G OVER ALFA    2001**;20,15;20,15
20762;20762;LINHA 500G OVER ALFA    2003;20,15;20,15
3233;3233;LINHA 500G OVER ALFA    2500**;20,15;20,15
20954;20954;LINHA 500G OVER ALFA    2502**;20,15;20,15
20763;20763;LINHA 500G OVER ALFA    2504;20,15;20,15
20764;20764;LINHA 500G OVER ALFA    2505;20,15;20,15
12468;12468;LINHA 500G OVER ALFA    2507**;20,15;20,15
20765;20765;LINHA 500G OVER ALFA    2508;20,15;20,15
9388;9388;LINHA 500G OVER ALFA    2510**;20,15;20,15
20766;20766;LINHA 500G OVER ALFA    2511;20,15;20,15
6568;6568;LINHA 500G OVER ALFA    2512**;20,15;20,15
12459;12459;LINHA 500G OVER ALFA    2514**;20,15;20,15
9941;9941;LINHA 500G OVER ALFA    2519**;20,15;20,15
20946;20946;LINHA 500G OVER ALFA    2521**;20,15;20,15
20813;20813;LINHA 500G OVER ALFA    3000**;20,15;20,15
10280;10280;LINHA 500G OVER ALFA    3001**;20,15;20,15
20812;20812;LINHA 500G OVER ALFA    3002;20,15;20,15
20767;20767;LINHA 500G OVER ALFA    3003;20,15;20,15
20994;20994;LINHA 500G OVER ALFA    3004**;20,15;20,15
12740;12740;LINHA 500G OVER ALFA    3005**;20,15;20,15
20768;20768;LINHA 500G OVER ALFA    3006;20,15;20,15
21111;21111;LINHA 500G OVER ALFA    3009**;20,15;20,15
9940;9940;LINHA 500G OVER ALFA    3500**;20,15;20,15
20769;20769;LINHA 500G OVER ALFA    3501;20,15;20,15
2565;2565;LINHA 500G OVER ALFA    3502**;20,15;20,15
20770;20770;LINHA 500G OVER ALFA    4000;20,15;20,15
20771;20771;LINHA 500G OVER ALFA    4001;20,15;20,15
20947;20947;LINHA 500G OVER ALFA    4002**;20,15;20,15
20928;20928;LINHA 500G OVER ALFA    4003**;20,15;20,15
20818;20818;LINHA 500G OVER ALFA    4007;20,15;20,15
12739;12739;LINHA 500G OVER ALFA    4008**;20,15;20,15
20772;20772;LINHA 500G OVER ALFA    4500;20,15;20,15
20773;20773;LINHA 500G OVER ALFA    4501;20,15;20,15
20929;20929;LINHA 500G OVER ALFA    4502;20,15;20,15
20953;20953;LINHA 500G OVER ALFA    4503**;20,15;20,15
16973;16973;LINHA 500G OVER ALFA    4504**;20,15;20,15
21030;21030;LINHA 500G OVER ALFA    4507**;20,15;20,15
20774;20774;LINHA 500G OVER ALFA    4508;20,15;20,15
20907;20907;LINHA 500G OVER ALFA    4510;20,15;20,15
12738;12738;LINHA 500G OVER ALFA    4512**;20,15;20,15
20945;20945;LINHA 500G OVER ALFA    4516**;20,15;20,15
20967;20967;LINHA 500G OVER ALFA    4517;20,15;20,15
20775;20775;LINHA 500G OVER ALFA    4519;20,15;20,15
12737;12737;LINHA 500G OVER ALFA    4520**;20,15;20,15
8056;8056;LINHA 500G OVER ALFA    4523**;20,15;20,15
20952;20952;LINHA 500G OVER ALFA    5000;20,15;20,15
20776;20776;LINHA 500G OVER ALFA    5001;20,15;20,15
20777;20777;LINHA 500G OVER ALFA    5002;20,15;20,15
20933;20933;LINHA 500G OVER ALFA    5004;20,15;20,15
13969;13969;LINHA 500G OVER ALFA    5005**;20,15;20,15
21161;21161;LINHA 500G OVER ALFA    5006;20,15;20,15
20927;20927;LINHA 500G OVER ALFA    5007;20,15;20,15
20932;20932;LINHA 500G OVER ALFA    5008;20,15;20,15
20778;20778;LINHA 500G OVER ALFA    5009;20,15;20,15
20779;20779;LINHA 500G OVER ALFA    5500;20,15;20,15
15441;15441;LINHA 500G OVER ALFA    5501**;20,15;20,15
19516;19516;LINHA 500G OVER ALFA    5502**;20,15;20,15
20780;20780;LINHA 500G OVER ALFA    5504;20,15;20,15
20271;20271;LINHA 500G OVER ALFA    9900;11,25;11,25
1271;1271;VIES EL. 14MM COR 01 BRANCO ;23,1;23,1
1095;1095;VIES EL. 14MM COR 02 PRETO ;24,4;24,4
882;882;VIES EL. 14MM COR 03 VERMELHO;32,9;32,9
883;883;VIES EL. 14MM COR 06 BANDEIRA ;32,9;32,9
884;884;VIES EL. 14MM COR 07 CANARIO ;32,9;32,9
885;885;VIES EL. 14MM COR 08 AM.B.B ;32,9;32,9
896;896;VIES EL. 14MM COR 09 OURO*;32,9;32,9
886;886;VIES EL. 14MM COR 10 CHUMBO ;32,9;32,9
887;887;VIES EL. 14MM COR 11 PRATA ;32,9;32,9
889;889;VIES EL. 14MM COR 13 CAQUI;32,9;32,9
891;891;VIES EL. 14MM COR 16 LARANJA ;32,9;32,9
897;897;VIES EL. 14MM COR 21 CRU ;32,9;32,9
898;898;VIES EL. 14MM COR 22 MARINHO;32,9;32,9
899;899;VIES EL. 14MM COR 23 ROYAL ;32,9;32,9
900;900;VIES EL. 14MM COR 24 MARROM CAFÉ**;32,9;32,9
894;894;VIES EL. 14MM COR 26 MUSGO ;32,9;32,9
2971;2971;VIES EL. 14MM COR 29 AZUL BEBE*;32,9;32,9
2968;2968;VIES EL. 14MM COR 30 ROSA BB*;32,9;32,9
3509;3509;VIES EL. 14MM COR 3002 PINK*;32,9;32,9
1270;1270;VIES EL. 16MM COR 01 BRANCO;23,1;23,1
1096;1096;VIES EL. 16MM COR 02 PRETO;24,4;24,4
903;903;VIES EL. 16MM COR 03 VERMELHO;32,9;32,9
904;904;VIES EL. 16MM COR 06 BANDEIRA ;32,9;32,9
905;905;VIES EL. 16MM COR 07 CANARIO ;32,9;32,9
906;906;VIES EL. 16MM COR 08 AM.B.B ;32,9;32,9
908;908;VIES EL. 16MM COR 10 CHUMBO ;32,9;32,9
909;909;VIES EL. 16MM COR 11 PRATA ;32,9;32,9
911;911;VIES EL. 16MM COR 13 CAQUI ;32,9;32,9
913;913;VIES EL. 16MM COR 16 LARANJA ;32,9;32,9
912;912;VIES EL. 16MM COR 18 BEGE**;32,9;32,9
914;914;VIES EL. 16MM COR 20 PISCINA;32,9;32,9
919;919;VIES EL. 16MM COR 21 CRU ;32,9;32,9
920;920;VIES EL. 16MM COR 22 MARINHO;32,9;32,9
921;921;VIES EL. 16MM COR 23 ROYAL ;32,9;32,9
922;922;VIES EL. 16MM COR 24 MARROM CAFE;32,9;32,9
916;916;VIES EL. 16MM COR 26 MUSGO ;32,9;32,9
11303;11303;VIES EL. 16MM COR 28 VERDE AGUA*;32,9;32,9
17578;17578;VIES EL. 16MM COR 29 AZUL BEBE**;32,9;32,9
2969;2969;VIES EL. 16MM COR 30 ROSA BB;32,9;32,9
3510;3510;VIES EL. 16MM COR 3002 PINK*;32,9;32,9
923;923;VIES EL. 16MM COR 3006 ROSA FLUOR*;32,9;32,9
21122;21122;VIES EL. 16MM ROSA CAPEZIO;30,9;30,9
982;982;VIES EL. 20MM COR 01 BRANCO;23,1;23,1
1098;1098;VIES EL. 20MM COR 02 PRETO;24,4;24,4
967;967;VIES EL. 20MM COR 03 VERMELHO;32,9;32,9
968;968;VIES EL. 20MM COR 06 BANDEIRA ;32,9;32,9
2674;2674;VIES EL. 20MM COR 07 CANARIO ;32,9;32,9
969;969;VIES EL. 20MM COR 08 AM.B.B;32,9;32,9
970;970;VIES EL. 20MM COR 10 CHUMBO;32,9;32,9
971;971;VIES EL. 20MM COR 11 PRATA ;32,9;32,9
2504;2504;VIES EL. 20MM COR 13 CAQUI**;32,9;32,9
972;972;VIES EL. 20MM COR 16 LARANJA**;32,9;32,9
2676;2676;VIES EL. 20MM COR 20 PISCINA*;32,9;32,9
2418;2418;VIES EL. 20MM COR 21 CRU ;32,9;32,9
974;974;VIES EL. 20MM COR 22 MARINHO;32,9;32,9
975;975;VIES EL. 20MM COR 23 ROYAL ;32,9;32,9
2631;2631;VIES EL. 20MM COR 24 MARROM CAFE;32,9;32,9
973;973;VIES EL. 20MM COR 26 MUSGO ;32,9;32,9
2966;2966;VIES EL. 20MM COR 30 ROSA BB*;32,9;32,9
3511;3511;VIES EL. 20MM COR 3002 PINK*;32,9;32,9
1269;1269;VIES EL. 25MM COR 01 BRANCO;23,1;23,1
17585;17585;VIES EL. 25MM COR 0101**;32,9;32,9
1094;1094;VIES EL. 25MM COR 02 PRETO;24,4;24,4
925;925;VIES EL. 25MM COR 03 VERMELHO;32,9;32,9
18437;18437;VIES EL. 25MM COR 0506 LIMAO FLUOR**;32,9;32,9
926;926;VIES EL. 25MM COR 06 BANDEIRA ;32,9;32,9
927;927;VIES EL. 25MM COR 07 CANARIO ;32,9;32,9
928;928;VIES EL. 25MM COR 08 AM.B.B ;32,9;32,9
939;939;VIES EL. 25MM COR 09 OURO*;32,9;32,9
929;929;VIES EL. 25MM COR 10 CHUMBO;32,9;32,9
15239;15239;VIES EL. 25MM COR 1003 LARANJA FLUOR**;32,9;32,9
930;930;VIES EL. 25MM COR 11 PRATA ;32,9;32,9
932;932;VIES EL. 25MM COR 13 CAQUI ;32,9;32,9
934;934;VIES EL. 25MM COR 16 LARANJA ;32,9;32,9
935;935;VIES EL. 25MM COR 20 PISCINA*;32,9;32,9
940;940;VIES EL. 25MM COR 21 CRU;32,9;32,9
941;941;VIES EL. 25MM COR 22 MARINHO;32,9;32,9
942;942;VIES EL. 25MM COR 23 ROYAL ;32,9;32,9
943;943;VIES EL. 25MM COR 24 MARROM CAFE ;32,9;32,9
15238;15238;VIES EL. 25MM COR 2511 VERDE FLUOR**;32,9;32,9
937;937;VIES EL. 25MM COR 26 MUSGO;32,9;32,9
7923;7923;VIES EL. 25MM COR 28 VERDE AGUA*;32,9;32,9
2974;2974;VIES EL. 25MM COR 29 AZUL BEBE*;32,9;32,9
2967;2967;VIES EL. 25MM COR 30 ROSA BB*;32,9;32,9
3512;3512;VIES EL. 25MM COR 3002 PINK*;32,9;32,9
944;944;VIES EL. 25MM COR 3006 ROSA FLUOR*;32,9;32,9
14658;14658;VIES EL. 25MM COR 4002**;32,9;32,9
12002;12002;VIES EL. 25MM COR 4003*;32,9;32,9
931;931;VIES EL. 25MM COR 4007 GRENA*;32,9;32,9
20905;20905;VIES EL. 25MM COR 4502**;32,9;32,9
20948;20948;VIES EL. 25MM COR 5500**;32,9;32,9
20963;20963;VIES EL. 25MM ROXO TASCHE;32,9;32,9
1268;1268;VIES EL. 30MM COR 01 BRANCO;23,1;23,1
1097;1097;VIES EL. 30MM COR 02 PRETO;24,4;24,4
946;946;VIES EL. 30MM COR 03 VERMELHO;32,9;32,9
947;947;VIES EL. 30MM COR 06 BANDEIRA ;32,9;32,9
948;948;VIES EL. 30MM COR 07 CANARIO**;32,9;32,9
949;949;VIES EL. 30MM COR 08 AM.B.B**;32,9;32,9
960;960;VIES EL. 30MM COR 09 OURO *;32,9;32,9
950;950;VIES EL. 30MM COR 10 CHUMBO** ;32,9;32,9
951;951;VIES EL. 30MM COR 11 PRATA ;32,9;32,9
953;953;VIES EL. 30MM COR 13 CAQUI ;32,9;32,9
955;955;VIES EL. 30MM COR 16 LARANJA**;32,9;32,9
956;956;VIES EL. 30MM COR 20 PISCINA*;32,9;32,9
961;961;VIES EL. 30MM COR 21 CRU ;32,9;32,9
962;962;VIES EL. 30MM COR 22 MARINHO;32,9;32,9
963;963;VIES EL. 30MM COR 23 ROYAL ;32,9;32,9
964;964;VIES EL. 30MM COR 24 MARROM CAFE*;32,9;32,9
958;958;VIES EL. 30MM COR 26 MUSGO**;32,9;32,9
7922;7922;VIES EL. 30MM COR 28 VERDE AGUA*;32,9;32,9
2975;2975;VIES EL. 30MM COR 29 AZUL BEBE*;32,9;32,9
2970;2970;VIES EL. 30MM COR 30 ROSA BB*;32,9;32,9
965;965;VIES EL. 30MM COR 3006 ROSA FLUOR*;32,9;32,9
15263;15263;VIES EL. 30MM COR 4003*;32,9;32,9
952;952;VIES EL. 30MM COR 4007 GRENA*;32,9;32,9
